Uniontown;37.7732;-87.9318;;Uniontown37.7732-87.9318
Hardinsburg;37.7755;-86.4537;;Hardinsburg37.7755-86.4537
Boston;37.7838;-85.6803;;Boston37.7838-85.6803
Willisburg;37.8092;-85.1208;;Willisburg37.8092-85.1208
Vine Grove;37.8133;-85.9828;;Vine Grove37.8133-85.9828
Bardstown;37.8174;-85.4548;;Bardstown37.8174-85.4548
Radcliff;37.8206;-85.9366;;Radcliff37.8206-85.9366
Cloverport;37.8312;-86.6304;;Cloverport37.8312-86.6304
Lebanon Junction;37.8358;-85.7243;;Lebanon Junction37.8358-85.7243
Henderson;37.8397;-87.5798;;Henderson37.8397-87.5798
Spottsville;37.8564;-87.4167;;Spottsville37.8564-87.4167
Maceo;37.8624;-86.9914;;Maceo37.8624-86.9914
Irvington;37.8779;-86.2846;;Irvington37.8779-86.2846
Rockport;37.8896;-87.0542;;Rockport37.8896-87.0542
Fort Knox;37.8915;-85.9636;;Fort Knox37.8915-85.9636
Hawesville;37.8962;-86.7562;;Hawesville37.8962-86.7562
Chaplin;37.8996;-85.2195;;Chaplin37.8996-85.2195
Hatfield;37.903;-87.2217;;Hatfield37.903-87.2217
Cannelton;37.9106;-86.7377;;Cannelton37.9106-86.7377
Bloomfield;37.9122;-85.314;;Bloomfield37.9122-85.314
Salvisa;37.921;-84.8615;;Salvisa37.921-84.8615
Ekron;37.9302;-86.1765;;Ekron37.9302-86.1765
Lewisport;37.931;-86.9029;;Lewisport37.931-86.9029
Fairfield;37.932;-85.3838;;Fairfield37.932-85.3838
Mount Vernon;37.9364;-87.8959;;Mount Vernon37.9364-87.8959
Muldraugh;37.9365;-85.9915;;Muldraugh37.9365-85.9915
Grandview;37.9369;-86.9842;;Grandview37.9369-86.9842
Richland;37.9462;-87.169;;Richland37.9462-87.169
Newburgh;37.9494;-87.4053;;Newburgh37.9494-87.4053
Tell City;37.9528;-86.7597;;Tell City37.9528-86.7597
Doe Valley;37.9745;-86.1107;;Doe Valley37.9745-86.1107
Shepherdsville;37.9806;-85.6999;;Shepherdsville37.9806-85.6999
West Point;37.9851;-85.9557;;West Point37.9851-85.9557
Evansville;37.9881;-87.5341;;Evansville37.9881-87.5341
Brandenburg;37.9956;-86.1773;;Brandenburg37.9956-86.1773
Troy;38.0018;-86.7991;;Troy38.0018-86.7991
Chrisney;38.01;-87.0319;;Chrisney38.01-87.0319
Melody Hill;38.024;-87.512;;Melody Hill38.024-87.512
Mauckport;38.026;-86.1997;;Mauckport38.026-86.1997
Laconia;38.0318;-86.0855;;Laconia38.0318-86.0855
Lawrenceburg;38.0332;-84.9032;;Lawrenceburg38.0332-84.9032
Maunie;38.0355;-88.0456;;Maunie38.0355-88.0456
Chandler;38.0368;-87.3747;;Chandler38.0368-87.3747
Taylorsville;38.0368;-85.3336;;Taylorsville38.0368-85.3336
Mount Washington;38.043;-85.5549;;Mount Washington38.043-85.5549
Parkers Settlement;38.044;-87.7146;;Parkers Settlement38.044-87.7146
Fox Chase;38.046;-85.6911;;Fox Chase38.046-85.6911
Boonville;38.0469;-87.2846;;Boonville38.0469-87.2846
Hebron Estates;38.0501;-85.6682;;Hebron Estates38.0501-85.6682
Hillview;38.0563;-85.6848;;Hillview38.0563-85.6848
Pioneer Village;38.0599;-85.68;;Pioneer Village38.0599-85.68
Brooks;38.0656;-85.7178;;Brooks38.0656-85.7178
Hunters Hollow;38.0784;-85.6934;;Hunters Hollow38.0784-85.6934
Tennyson;38.0817;-87.1187;;Tennyson38.0817-87.1187
Hollyvilla;38.0929;-85.7467;;Hollyvilla38.0929-85.7467
Darmstadt;38.0938;-87.5793;;Darmstadt38.0938-87.5793
Heritage Creek;38.0952;-85.6125;;Heritage Creek38.0952-85.6125
New Amsterdam;38.1022;-86.276;;New Amsterdam38.1022-86.276
Gentryville;38.1091;-87.0315;;Gentryville38.1091-87.0315
Santa Claus;38.1168;-86.9292;;Santa Claus38.1168-86.9292
Elk Creek;38.117;-85.3722;;Elk Creek38.117-85.3722
South Park View;38.1185;-85.7199;;South Park View38.1185-85.7199
Alton;38.1211;-86.4195;;Alton38.1211-86.4195
Elizabeth;38.124;-85.9736;;Elizabeth38.124-85.9736
New Harmony;38.1288;-87.9302;;New Harmony38.1288-87.9302
Phillipstown;38.1429;-88.0181;;Phillipstown38.1429-88.0181
Spring Mill;38.1436;-85.6315;;Spring Mill38.1436-85.6315
Hollow Creek;38.1527;-85.6243;;Hollow Creek38.1527-85.6243
Elberfeld;38.1617;-87.4481;;Elberfeld38.1617-87.4481
Crossville;38.1626;-88.0643;;Crossville38.1626-88.0643
New Middletown;38.1644;-86.0508;;New Middletown38.1644-86.0508
Louisville;38.1663;-85.6485;;Louisville38.1663-85.6485
St. Meinrad;38.1692;-86.8257;;St. Meinrad38.1692-86.8257
Poseyville;38.1698;-87.7832;;Poseyville38.1698-87.7832
Dale;38.1769;-86.9802;;Dale38.1769-86.9802
Poplar Hills;38.178;-85.6931;;Poplar Hills38.178-85.6931
Lynnview;38.1791;-85.7112;;Lynnview38.1791-85.7112
Cynthiana;38.1872;-87.7086;;Cynthiana38.1872-87.7086
Watterson Park;38.189;-85.6865;;Watterson Park38.189-85.6865
Frankfort;38.1924;-84.8643;;Frankfort38.1924-84.8643
West Buechel;38.195;-85.6678;;West Buechel38.195-85.6678
Shively;38.197;-85.8136;;Shively38.197-85.8136
Lynnville;38.1988;-87.3141;;Lynnville38.1988-87.3141
Leavenworth;38.1994;-86.3451;;Leavenworth38.1994-86.3451
Haubstadt;38.2039;-87.5752;;Haubstadt38.2039-87.5752
Griffin;38.2043;-87.915;;Griffin38.2043-87.915
Jeffersontown;38.2048;-85.5701;;Jeffersontown38.2048-85.5701
Audubon Park;38.205;-85.727;;Audubon Park38.205-85.727
Shelbyville;38.2069;-85.2293;;Shelbyville38.2069-85.2293
Parkway Village;38.2113;-85.7381;;Parkway Village38.2113-85.7381
Corydon;38.213;-86.1257;;Corydon38.213-86.1257
Houston Acres;38.2147;-85.6143;;Houston Acres38.2147-85.6143
Forest Hills;38.2158;-85.5837;;Forest Hills38.2158-85.5837
Simpsonville;38.2167;-85.3514;;Simpsonville38.2167-85.3514
Wellington;38.2168;-85.6702;;Wellington38.2168-85.6702
Strathmoor Manor;38.219;-85.6836;;Strathmoor Manor38.219-85.6836
Hurstbourne Acres;38.2201;-85.5907;;Hurstbourne Acres38.2201-85.5907
Strathmoor Village;38.2208;-85.6778;;Strathmoor Village38.2208-85.6778
Cambridge;38.2217;-85.6172;;Cambridge38.2217-85.6172
Kingsley;38.2219;-85.6726;;Kingsley38.2219-85.6726
Meadowview Estates;38.2227;-85.6353;;Meadowview Estates38.2227-85.6353
Lincolnshire;38.2238;-85.6216;;Lincolnshire38.2238-85.6216
Ferdinand;38.2269;-86.8631;;Ferdinand38.2269-86.8631
Seneca Gardens;38.2272;-85.6772;;Seneca Gardens38.2272-85.6772
St. Regis Park;38.2289;-85.6159;;St. Regis Park38.2289-85.6159
Lanesville;38.2352;-85.9867;;Lanesville38.2352-85.9867
Douglass Hills;38.2366;-85.5499;;Douglass Hills38.2366-85.5499
Hurstbourne;38.238;-85.5891;;Hurstbourne38.238-85.5891
Woodland Hills;38.2393;-85.5289;;Woodland Hills38.2393-85.5289
Middletown;38.241;-85.5215;;Middletown38.241-85.5215
Blue Ridge Manor;38.2434;-85.5647;;Blue Ridge Manor38.2434-85.5647
Fort Branch;38.2461;-87.5734;;Fort Branch38.2461-87.5734
Holland;38.2464;-87.0384;;Holland38.2464-87.0384
Norbourne Estates;38.2466;-85.6465;;Norbourne Estates38.2466-85.6465
Sycamore;38.2468;-85.5612;;Sycamore38.2468-85.5612
Wildwood;38.249;-85.5747;;Wildwood38.249-85.5747
St. Matthews;38.2497;-85.6383;;St. Matthews38.2497-85.6383
Bellemeade;38.251;-85.591;;Bellemeade38.251-85.591
Mackey;38.2519;-87.3911;;Mackey38.2519-87.3911
Norwood;38.2521;-85.6107;;Norwood38.2521-85.6107
Richlawn;38.2547;-85.6412;;Richlawn38.2547-85.6412
Grayville;38.2554;-87.997;;Grayville38.2554-87.997
Spurgeon;38.2554;-87.2587;;Spurgeon38.2554-87.2587
Beechwood Village;38.2555;-85.6295;;Beechwood Village38.2555-85.6295
Bellewood;38.2608;-85.6594;;Bellewood38.2608-85.6594
Woodlawn Park;38.2615;-85.6305;;Woodlawn Park38.2615-85.6305
Brownsboro Village;38.2629;-85.6659;;Brownsboro Village38.2629-85.6659
Lyndon;38.2644;-85.5891;;Lyndon38.2644-85.5891
Druid Hills;38.2649;-85.6617;;Druid Hills38.2649-85.6617
Maryhill Estates;38.2663;-85.6532;;Maryhill Estates38.2663-85.6532
Rolling Fields;38.2689;-85.6708;;Rolling Fields38.2689-85.6708
Anchorage;38.2689;-85.5363;;Anchorage38.2689-85.5363
Mockingbird Valley;38.27;-85.6815;;Mockingbird Valley38.27-85.6815
Windy Hills;38.2702;-85.6378;;Windy Hills38.2702-85.6378
Owensville;38.2719;-87.6918;;Owensville38.2719-87.6918
Moorland;38.2728;-85.58;;Moorland38.2728-85.58
Graymoor-Devondale;38.2733;-85.6177;;Graymoor-Devondale38.2733-85.6177
Briarwood;38.278;-85.5926;;Briarwood38.278-85.5926
Meadowbrook Farm;38.2782;-85.5748;;Meadowbrook Farm38.2782-85.5748
Somerville;38.2786;-87.377;;Somerville38.2786-87.377
Crossgate;38.2793;-85.6296;;Crossgate38.2793-85.6296
Indian Hills;38.2808;-85.6616;;Indian Hills38.2808-85.6616
Rolling Hills;38.2825;-85.5784;;Rolling Hills38.2825-85.5784
Riverwood;38.2831;-85.6614;;Riverwood38.2831-85.6614
Bancroft;38.2832;-85.6129;;Bancroft38.2832-85.6129
Meadow Vale;38.2833;-85.5728;;Meadow Vale38.2833-85.5728
Plantation;38.2834;-85.5936;;Plantation38.2834-85.5936
Northfield;38.2857;-85.6362;;Northfield38.2857-85.6362
Langdon Place;38.2865;-85.5849;;Langdon Place38.2865-85.5849
Hickory Hill;38.2877;-85.5679;;Hickory Hill38.2877-85.5679
Crandall;38.2881;-86.0659;;Crandall38.2881-86.0659
Thornhill;38.2884;-85.6256;;Thornhill38.2884-85.6256
Old Brownsboro Place;38.2892;-85.6132;;Old Brownsboro Place38.2892-85.6132
Glenview Manor;38.2907;-85.6333;;Glenview Manor38.2907-85.6333
Murray Hill;38.2907;-85.5871;;Murray Hill38.2907-85.5871
Creekside;38.2914;-85.5701;;Creekside38.2914-85.5701
Goose Creek;38.2934;-85.5906;;Goose Creek38.2934-85.5906
Glenview Hills;38.2951;-85.6382;;Glenview Hills38.2951-85.6382
Broeck Pointe;38.2955;-85.5856;;Broeck Pointe38.2955-85.5856
Georgetown;38.2958;-85.9628;;Georgetown38.2958-85.9628
Spring Valley;38.2968;-85.6108;;Spring Valley38.2968-85.6108
Ten Broeck;38.2976;-85.5806;;Ten Broeck38.2976-85.5806
Manor Creek;38.2981;-85.5873;;Manor Creek38.2981-85.5873
Barbourmeade;38.2986;-85.6009;;Barbourmeade38.2986-85.6009
Hills and Dales;38.3005;-85.6249;;Hills and Dales38.3005-85.6249
Huntingburg;38.301;-86.9622;;Huntingburg38.301-86.9622
Glenview;38.302;-85.6519;;Glenview38.302-85.6519
Brownsboro Farm;38.304;-85.5946;;Brownsboro Farm38.304-85.5946
Fincastle;38.3082;-85.5414;;Fincastle38.3082-85.5414
New Albany;38.3089;-85.8234;;New Albany38.3089-85.8234
Worthington Hills;38.3093;-85.527;;Worthington Hills38.3093-85.527
Pewee Valley;38.3105;-85.4895;;Pewee Valley38.3105-85.4895
New Salisbury;38.314;-86.1;;New Salisbury38.314-86.1
Coldstream;38.3144;-85.5264;;Coldstream38.3144-85.5264
Birdseye;38.315;-86.6961;;Birdseye38.315-86.6961
Green Spring;38.3163;-85.6137;;Green Spring38.3163-85.6137
Clarksville;38.3221;-85.7673;;Clarksville38.3221-85.7673
Orchard Grass Hills;38.3234;-85.5236;;Orchard Grass Hills38.3234-85.5236
Francisco;38.3327;-87.4481;;Francisco38.3327-87.4481
Crestwood;38.3356;-85.4839;;Crestwood38.3356-85.4839
Jeffersonville;38.3376;-85.7026;;Jeffersonville38.3376-85.7026
Oakland City;38.3378;-87.3494;;Oakland City38.3378-87.3494
Utica;38.3381;-85.6558;;Utica38.3381-85.6558
English;38.3408;-86.4592;;English38.3408-86.4592
Milltown;38.3421;-86.2755;;Milltown38.3421-86.2755
Prospect;38.3471;-85.6103;;Prospect38.3471-85.6103
Pleasureville;38.3511;-85.1121;;Pleasureville38.3511-85.1121
Galena;38.3513;-85.9372;;Galena38.3513-85.9372
Keensburg;38.3517;-87.8683;;Keensburg38.3517-87.8683
Princeton;38.3553;-87.5784;;Princeton38.3553-87.5784
Eminence;38.3637;-85.1778;;Eminence38.3637-85.1778
Marengo;38.3714;-86.3444;;Marengo38.3714-86.3444
Greenville;38.3716;-85.9827;;Greenville38.3716-85.9827
River Bluff;38.3719;-85.604;;River Bluff38.3719-85.604
Albion;38.3767;-88.0579;;Albion38.3767-88.0579
Browns;38.3775;-87.9831;;Browns38.3775-87.9831
Winslow;38.3827;-87.2129;;Winslow38.3827-87.2129
Bellmont;38.383;-87.9107;;Bellmont38.383-87.9107
Smithfield;38.3864;-85.2566;;Smithfield38.3864-85.2566
Buckner;38.3867;-85.4503;;Buckner38.3867-85.4503
Jasper;38.3933;-86.9402;;Jasper38.3933-86.9402
La Grange;38.3987;-85.375;;La Grange38.3987-85.375
Patoka;38.4015;-87.5875;;Patoka38.4015-87.5875
Goshen;38.4027;-85.5825;;Goshen38.4027-85.5825
Sellersburg;38.4028;-85.7706;;Sellersburg38.4028-85.7706
Palmyra;38.4082;-86.1086;;Palmyra38.4082-86.1086
Mount Carmel;38.4187;-87.7694;;Mount Carmel38.4187-87.7694
Monterey;38.4233;-84.8728;;Monterey38.4233-84.8728
Charlestown;38.427;-85.6677;;Charlestown38.427-85.6677
New Castle;38.4334;-85.1689;;New Castle38.4334-85.1689
Fredericksburg;38.4353;-86.1969;;Fredericksburg38.4353-86.1969
Bone Gap;38.4449;-87.9976;;Bone Gap38.4449-87.9976
Dubois;38.4458;-86.7978;;Dubois38.4458-86.7978
Otwell;38.4566;-87.0959;;Otwell38.4566-87.0959
Hardinsburg;38.462;-86.2732;;Hardinsburg38.462-86.2732
Borden;38.4699;-85.9491;;Borden38.4699-85.9491
Gratz;38.4718;-84.947;;Gratz38.4718-84.947
Westport;38.4874;-85.4753;;Westport38.4874-85.4753
Memphis;38.4892;-85.7679;;Memphis38.4892-85.7679
Hazleton;38.4893;-87.5406;;Hazleton38.4893-87.5406
Petersburg;38.4919;-87.281;;Petersburg38.4919-87.281
New Pekin;38.5029;-86.0152;;New Pekin38.5029-86.0152
Decker;38.5184;-87.524;;Decker38.5184-87.524
West Salem;38.5198;-88.0092;;West Salem38.5198-88.0092
Campbellsburg;38.522;-85.2195;;Campbellsburg38.522-85.2195
Allendale;38.5276;-87.7102;;Allendale38.5276-87.7102
Owenton;38.5386;-84.8409;;Owenton38.5386-84.8409
Henryville;38.5395;-85.7655;;Henryville38.5395-85.7655
French Lick;38.5462;-86.6202;;French Lick38.5462-86.6202
Livonia;38.5549;-86.2778;;Livonia38.5549-86.2778
Paoli;38.5572;-86.4699;;Paoli38.5572-86.4699
Alfordsville;38.5608;-86.9482;;Alfordsville38.5608-86.9482
New Washington;38.5657;-85.5461;;New Washington38.5657-85.5461
West Baden Springs;38.5675;-86.612;;West Baden Springs38.5675-86.612
Parkersburg;38.5891;-88.0568;;Parkersburg38.5891-88.0568
St. Francisville;38.5919;-87.6474;;St. Francisville38.5919-87.6474
Bedford;38.5957;-85.3175;;Bedford38.5957-85.3175
Salem;38.6048;-86.0977;;Salem38.6048-86.0977
Worthville;38.6098;-85.0681;;Worthville38.6098-85.0681
Monroe City;38.6145;-87.3531;;Monroe City38.6145-87.3531
Calhoun;38.6511;-88.044;;Calhoun38.6511-88.044
Campbellsburg;38.6514;-86.2613;;Campbellsburg38.6514-86.2613
Sanders;38.6549;-84.9466;;Sanders38.6549-84.9466
Washington;38.6587;-87.1591;;Washington38.6587-87.1591
Orleans;38.6615;-86.4517;;Orleans38.6615-86.4517
Wheatland;38.6632;-87.3062;;Wheatland38.6632-87.3062
Montgomery;38.6655;-87.0493;;Montgomery38.6655-87.0493
Saltillo;38.6662;-86.2975;;Saltillo38.6662-86.2975
Shoals;38.6669;-86.7938;;Shoals38.6669-86.7938
Cannelburg;38.668;-86.9978;;Cannelburg38.668-86.9978
Loogootee;38.6756;-86.9141;;Loogootee38.6756-86.9141
Vincennes;38.676;-87.5102;;Vincennes38.676-87.5102
Carrollton;38.68;-85.1656;;Carrollton38.68-85.1656
Prestonville;38.6805;-85.1931;;Prestonville38.6805-85.1931
Scottsburg;38.6851;-85.783;;Scottsburg38.6851-85.783
Sparta;38.6969;-84.9073;;Sparta38.6969-84.9073
Little York;38.6993;-85.9045;;Little York38.6993-85.9045
Bridgeport;38.7095;-87.759;;Bridgeport38.7095-87.759
Milton;38.7113;-85.3734;;Milton38.7113-85.3734
Hanover;38.7133;-85.4726;;Hanover38.7133-85.4726
Claremont;38.7176;-87.973;;Claremont38.7176-87.973
Sumner;38.7195;-87.8722;;Sumner38.7195-87.8722
Dover Hill;38.7221;-86.8002;;Dover Hill38.7221-86.8002
Glencoe;38.7252;-84.8238;;Glencoe38.7252-84.8238
Lawrenceville;38.7264;-87.6873;;Lawrenceville38.7264-87.6873
Olney;38.7285;-88.0838;;Olney38.7285-88.0838
Ghent;38.734;-85.0612;;Ghent38.734-85.0612
Brooksburg;38.735;-85.2445;;Brooksburg38.735-85.2445
Mitchell;38.7368;-86.4755;;Mitchell38.7368-86.4755
Kent;38.7369;-85.5387;;Kent38.7369-85.5387
Austin;38.7418;-85.8112;;Austin38.7418-85.8112
Vevay;38.7427;-85.0783;;Vevay38.7427-85.0783
Ragsdale;38.7467;-87.3241;;Ragsdale38.7467-87.3241
Bruceville;38.758;-87.4154;;Bruceville38.758-87.4154
Madison;38.7581;-85.3974;;Madison38.7581-85.3974
Bicknell;38.7743;-87.3078;;Bicknell38.7743-87.3078
Warsaw;38.7773;-84.9042;;Warsaw38.7773-84.9042
Florence;38.7836;-84.9238;;Florence38.7836-84.9238
Crothersville;38.7944;-85.84;;Crothersville38.7944-85.84
Deputy;38.7952;-85.6528;;Deputy38.7952-85.6528
Emison;38.7991;-87.4604;;Emison38.7991-87.4604
Plainville;38.8049;-87.1515;;Plainville38.8049-87.1515
Edwardsport;38.8127;-87.2511;;Edwardsport38.8127-87.2511
Williams;38.8147;-86.6446;;Williams38.8147-86.6446
Russellville;38.8188;-87.53;;Russellville38.8188-87.53
Burns City;38.8203;-86.8927;;Burns City38.8203-86.8927
Medora;38.8245;-86.1712;;Medora38.8245-86.1712
Patriot;38.8366;-84.8293;;Patriot38.8366-84.8293
Odon;38.8423;-86.9894;;Odon38.8423-86.9894
Vallonia;38.8462;-86.0992;;Vallonia38.8462-86.0992
Bedford;38.8602;-86.4895;;Bedford38.8602-86.4895
Freelandville;38.8653;-87.3102;;Freelandville38.8653-87.3102
Canaan;38.8661;-85.2996;;Canaan38.8661-85.2996
Westphalia;38.8665;-87.2277;;Westphalia38.8665-87.2277
East Enterprise;38.8702;-84.9889;;East Enterprise38.8702-84.9889
Oaktown;38.8717;-87.4412;;Oaktown38.8717-87.4412
Elnora;38.8762;-87.0846;;Elnora38.8762-87.0846
Brownstown;38.8789;-86.0479;;Brownstown38.8789-86.0479
Dupont;38.8915;-85.5169;;Dupont38.8915-85.5169
Oolitic;38.8935;-86.5254;;Oolitic38.8935-86.5254
Crane;38.8943;-86.9012;;Crane38.8943-86.9012
Sandborn;38.8967;-87.1849;;Sandborn38.8967-87.1849
Flat Rock;38.9037;-87.6734;;Flat Rock38.9037-87.6734
Scotland;38.909;-86.9048;;Scotland38.909-86.9048
Avoca;38.9172;-86.5557;;Avoca38.9172-86.5557
Newberry;38.9238;-87.0193;;Newberry38.9238-87.0193
Rabbit Hash;38.924;-84.8503;;Rabbit Hash38.924-84.8503
Ste. Marie;38.93;-88.0278;;Ste. Marie38.93-88.0278
Owensburg;38.9305;-86.7292;;Owensburg38.9305-86.7292
Seymour;38.9476;-85.891;;Seymour38.9476-85.891
Rising Sun;38.9531;-84.8545;;Rising Sun38.9531-84.8545
Carlisle;38.9608;-87.4015;;Carlisle38.9608-87.4015
Hayden;38.9714;-85.739;;Hayden38.9714-85.739
Freetown;38.9773;-86.127;;Freetown38.9773-86.127
Belleview;38.9792;-84.8249;;Belleview38.9792-84.8249
Vernon;38.9854;-85.6102;;Vernon38.9854-85.6102
Lyons;38.9884;-87.0812;;Lyons38.9884-87.0812
Willow Hill;38.9958;-88.0218;;Willow Hill38.9958-88.0218
Stoy;38.9968;-87.8336;;Stoy38.9968-87.8336
Palestine;39.0016;-87.6126;;Palestine39.0016-87.6126
Oblong;39.0022;-87.9107;;Oblong39.0022-87.9107
Robinson;39.0089;-87.7333;;Robinson39.0089-87.7333
North Vernon;39.017;-85.6317;;North Vernon39.017-85.6317
Harrodsburg;39.018;-86.5532;;Harrodsburg39.018-86.5532
Dillsboro;39.0185;-85.0531;;Dillsboro39.0185-85.0531
Bloomfield;39.026;-86.9375;;Bloomfield39.026-86.9375
Butlerville;39.0326;-85.5131;;Butlerville39.0326-85.5131
Switz City;39.0349;-87.0538;;Switz City39.0349-87.0538
Linton;39.0356;-87.1586;;Linton39.0356-87.1586
Country Squire Lakes;39.038;-85.6849;;Country Squire Lakes39.038-85.6849
Petersburg;39.0531;-84.8572;;Petersburg39.0531-84.8572
Merom;39.056;-87.5672;;Merom39.056-87.5672
Smithville-Sanders;39.0597;-86.5108;;Smithville-Sanders39.0597-86.5108
Jonesville;39.0598;-85.8878;;Jonesville39.0598-85.8878
Versailles;39.0636;-85.2564;;Versailles39.0636-85.2564
Aurora;39.0677;-84.9046;;Aurora39.0677-84.9046
Dugger;39.0704;-87.259;;Dugger39.0704-87.259
Holton;39.0752;-85.3847;;Holton39.0752-85.3847
Scipio;39.0771;-85.716;;Scipio39.0771-85.716
Sullivan;39.0973;-87.4074;;Sullivan39.0973-87.4074
Lawrenceburg;39.0986;-84.8713;;Lawrenceburg39.0986-84.8713
Hutsonville;39.1084;-87.6609;;Hutsonville39.1084-87.6609
Moores Hill;39.1129;-85.0893;;Moores Hill39.1129-85.0893
Worthington;39.1184;-86.9798;;Worthington39.1184-86.9798
Yale;39.1203;-88.0246;;Yale39.1203-88.0246
Milan;39.1255;-85.127;;Milan39.1255-85.127
Osgood;39.1291;-85.292;;Osgood39.1291-85.292
Greendale;39.1317;-84.851;;Greendale39.1317-84.851
Elizabethtown;39.1351;-85.8125;;Elizabethtown39.1351-85.8125
Annapolis;39.1452;-87.8154;;Annapolis39.1452-87.8154
Jasonville;39.162;-87.1998;;Jasonville39.162-87.1998
Elizabethtown;39.1621;-84.8037;;Elizabethtown39.1621-84.8037
Bloomington;39.1637;-86.5257;;Bloomington39.1637-86.5257
Hidden Valley;39.1673;-84.8444;;Hidden Valley39.1673-84.8444
West York;39.1689;-87.673;;West York39.1689-87.673
Westport;39.1767;-85.5747;;Westport39.1767-85.5747
Shelburn;39.1791;-87.3971;;Shelburn39.1791-87.3971
Hymera;39.1859;-87.2989;;Hymera39.1859-87.2989
Coalmont;39.1931;-87.2265;;Coalmont39.1931-87.2265
Napoleon;39.2039;-85.3272;;Napoleon39.2039-85.3272
Nashville;39.2079;-86.2383;;Nashville39.2079-86.2383
Columbus;39.2093;-85.9183;;Columbus39.2093-85.9183
Millhousen;39.2115;-85.435;;Millhousen39.2115-85.435
West Union;39.215;-87.6657;;West Union39.215-87.6657
Bright;39.2254;-84.8613;;Bright39.2254-84.8613
Ellettsville;39.2322;-86.6232;;Ellettsville39.2322-86.6232
Sunman;39.2373;-85.0931;;Sunman39.2373-85.0931
Farmersburg;39.2526;-87.3807;;Farmersburg39.2526-87.3807
West Harrison;39.2581;-84.8226;;West Harrison39.2581-84.8226
Harrison;39.2582;-84.7868;;Harrison39.2582-84.7868
Hartsville;39.2669;-85.6992;;Hartsville39.2669-85.6992
Clay City;39.277;-87.1127;;Clay City39.277-87.1127
Clifford;39.2827;-85.8691;;Clifford39.2827-85.8691
Spencer;39.2862;-86.7726;;Spencer39.2862-86.7726
St. Leon;39.2935;-84.9641;;St. Leon39.2935-84.9641
Taylorsville;39.2964;-85.9503;;Taylorsville39.2964-85.9503
Batesville;39.2974;-85.2139;;Batesville39.2974-85.2139
Hope;39.2993;-85.766;;Hope39.2993-85.766
Stinesville;39.2999;-86.6498;;Stinesville39.2999-86.6498
Casey;39.3027;-87.9895;;Casey39.3027-87.9895
Cordry Sweetwater Lakes;39.3085;-86.1227;;Cordry Sweetwater Lakes39.3085-86.1227
New Trenton;39.3088;-84.8968;;New Trenton39.3088-84.8968
New Point;39.3098;-85.3271;;New Point39.3098-85.3271
Martinsville;39.3381;-87.8814;;Martinsville39.3381-87.8814
Oldenburg;39.3388;-85.2041;;Oldenburg39.3388-85.2041
Gosport;39.3507;-86.6665;;Gosport39.3507-86.6665
Edinburgh;39.3509;-85.9625;;Edinburgh39.3509-85.9625
Prince's Lakes;39.3514;-86.1094;;Prince's Lakes39.3514-86.1094
Greensburg;39.3515;-85.5024;;Greensburg39.3515-85.5024
Cedar Grove;39.356;-84.9372;;Cedar Grove39.356-84.9372
Morgantown;39.3729;-86.2585;;Morgantown39.3729-86.2585
Riley;39.3897;-87.3002;;Riley39.3897-87.3002
Paragon;39.3952;-86.5627;;Paragon39.3952-86.5627
Painted Hills;39.3963;-86.3494;;Painted Hills39.3963-86.3494
Marshall;39.3984;-87.6899;;Marshall39.3984-87.6899
Mount Carmel;39.4076;-84.8755;;Mount Carmel39.4076-84.8755
Lake Santee;39.4078;-85.3066;;Lake Santee39.4078-85.3066
Trafalgar;39.4124;-86.1499;;Trafalgar39.4124-86.1499
Center Point;39.4154;-87.0752;;Center Point39.4154-87.0752
Martinsville;39.4228;-86.4208;;Martinsville39.4228-86.4208
Brookville;39.423;-85.0105;;Brookville39.423-85.0105
St. Paul;39.4282;-85.6287;;St. Paul39.4282-85.6287
Clarksburg;39.4354;-85.3471;;Clarksburg39.4354-85.3471
Metamora;39.4481;-85.1378;;Metamora39.4481-85.1378
Waldron;39.4535;-85.6629;;Waldron39.4535-85.6629
Westfield;39.4555;-87.9963;;Westfield39.4555-87.9963
Toad Hop;39.4568;-87.4639;;Toad Hop39.4568-87.4639
Dresser;39.4633;-87.424;;Dresser39.4633-87.424
West Terre Haute;39.4638;-87.4506;;West Terre Haute39.4638-87.4506
Terre Haute;39.4654;-87.3763;;Terre Haute39.4654-87.3763
Staunton;39.4864;-87.1889;;Staunton39.4864-87.1889
Seelyville;39.4936;-87.2667;;Seelyville39.4936-87.2667
Franklin;39.4938;-86.0546;;Franklin39.4938-86.0546
Milroy;39.498;-85.4676;;Milroy39.498-85.4676
Laurel;39.5015;-85.1878;;Laurel39.5015-85.1878
St. Mary of the Woods;39.512;-87.4628;;St. Mary of the Woods39.512-87.4628
Cloverdale;39.5211;-86.7995;;Cloverdale39.5211-86.7995
Brazil;39.5226;-87.124;;Brazil39.5226-87.124
Knightsville;39.5253;-87.0891;;Knightsville39.5253-87.0891
Ashmore;39.5306;-88.0201;;Ashmore39.5306-88.0201
Harmony;39.5337;-87.073;;Harmony39.5337-87.073
Bethany;39.5337;-86.3778;;Bethany39.5337-86.3778
Shelbyville;39.535;-85.7792;;Shelbyville39.535-85.7792
North Terre Haute;39.537;-87.3653;;North Terre Haute39.537-87.3653
Bargersville;39.5412;-86.2004;;Bargersville39.5412-86.2004
Brooklyn;39.5436;-86.3674;;Brooklyn39.5436-86.3674
Whiteland;39.5507;-86.0742;;Whiteland39.5507-86.0742
Kansas;39.5545;-87.9396;;Kansas39.5545-87.9396
New Whiteland;39.5617;-86.0996;;New Whiteland39.5617-86.0996
Tecumseh;39.5658;-87.4327;;Tecumseh39.5658-87.4327
College Corner;39.5682;-84.8109;;College Corner39.5682-84.8109
West College Corner;39.5694;-84.819;;West College Corner39.5694-84.819
Fontanet;39.5713;-87.2434;;Fontanet39.5713-87.2434
Manilla;39.5727;-85.622;;Manilla39.5727-85.622
Vermilion;39.5802;-87.5879;;Vermilion39.5802-87.5879
New Goshen;39.583;-87.4646;;New Goshen39.583-87.4646
Monrovia;39.5841;-86.4793;;Monrovia39.5841-86.4793
Fairland;39.5849;-85.8627;;Fairland39.5849-85.8627
Carbon;39.5993;-87.1078;;Carbon39.5993-87.1078
Shepardsville;39.6017;-87.4264;;Shepardsville39.6017-87.4264
Greenwood;39.6019;-86.1073;;Greenwood39.6019-86.1073
Mooresville;39.6022;-86.3681;;Mooresville39.6022-86.3681
Paris;39.6149;-87.6904;;Paris39.6149-87.6904
Rushville;39.6172;-85.4463;;Rushville39.6172-85.4463
Rosedale;39.6225;-87.2818;;Rosedale39.6225-87.2818
Universal;39.6226;-87.4554;;Universal39.6226-87.4554
Glenwood;39.6256;-85.3025;;Glenwood39.6256-85.3025
Liberty;39.6349;-84.926;;Liberty39.6349-84.926
Stilesville;39.6372;-86.6343;;Stilesville39.6372-86.6343
Greencastle;39.6431;-86.8419;;Greencastle39.6431-86.8419
Redmon;39.6447;-87.8616;;Redmon39.6447-87.8616
Arlington;39.6457;-85.5796;;Arlington39.6457-85.5796
Oakland;39.6575;-88.0276;;Oakland39.6575-88.0276
Connersville;39.6581;-85.141;;Connersville39.6581-85.141
Southport;39.66;-86.1171;;Southport39.66-86.1171
Clinton;39.6608;-87.4045;;Clinton39.6608-87.4045
Blanford;39.667;-87.5203;;Blanford39.667-87.5203
Homecroft;39.6696;-86.1312;;Homecroft39.6696-86.1312
Fillmore;39.6697;-86.7532;;Fillmore39.6697-86.7532
Morristown;39.6738;-85.7051;;Morristown39.6738-85.7051
Fairview Park;39.6821;-87.4143;;Fairview Park39.6821-87.4143
Coatesville;39.6881;-86.6698;;Coatesville39.6881-86.6698
Amo;39.6889;-86.6127;;Amo39.6889-86.6127
Clayton;39.6892;-86.5232;;Clayton39.6892-86.5232
Plainfield;39.6953;-86.3717;;Plainfield39.6953-86.3717
St. Bernice;39.7119;-87.52;;St. Bernice39.7119-87.52
Brocton;39.7154;-87.9336;;Brocton39.7154-87.9336
Beech Grove;39.7157;-86.0871;;Beech Grove39.7157-86.0871
New Palestine;39.7255;-85.8961;;New Palestine39.7255-85.8961
Mecca;39.7271;-87.3317;;Mecca39.7271-87.3317
Heritage Lake;39.7288;-86.7123;;Heritage Lake39.7288-86.7123
Van Bibber Lake;39.7292;-86.9296;;Van Bibber Lake39.7292-86.9296
Carthage;39.7369;-85.5715;;Carthage39.7369-85.5715
Boston;39.7412;-84.8517;;Boston39.7412-84.8517
Danville;39.7603;-86.5076;;Danville39.7603-86.5076
Avon;39.7603;-86.3917;;Avon39.7603-86.3917
Bainbridge;39.7615;-86.8117;;Bainbridge39.7615-86.8117
Rockville;39.7665;-87.2295;;Rockville39.7665-87.2295
Spring Lake;39.7767;-85.8536;;Spring Lake39.7767-85.8536
Indianapolis;39.7771;-86.1458;;Indianapolis39.7771-86.1458
Warren Park;39.7833;-86.0516;;Warren Park39.7833-86.0516
Cumberland;39.7844;-85.9458;;Cumberland39.7844-85.9458
Milton;39.7862;-85.1563;;Milton39.7862-85.1563
Montezuma;39.7911;-87.3694;;Montezuma39.7911-87.3694
Greenfield;39.7936;-85.7737;;Greenfield39.7936-85.7737
Speedway;39.7937;-86.2479;;Speedway39.7937-86.2479
Knightstown;39.796;-85.5312;;Knightstown39.796-85.5312
Newman;39.797;-87.9877;;Newman39.797-87.9877
Hume;39.7981;-87.8686;;Hume39.7981-87.8686
Metcalf;39.8004;-87.8078;;Metcalf39.8004-87.8078
Dunreith;39.8028;-85.4366;;Dunreith39.8028-85.4366
Chrisman;39.8044;-87.6749;;Chrisman39.8044-87.6749
Lewisville;39.8068;-85.3529;;Lewisville39.8068-85.3529
Dana;39.8072;-87.4945;;Dana39.8072-87.4945
Straughn;39.8083;-85.2909;;Straughn39.8083-85.2909
Mount Auburn;39.8123;-85.1905;;Mount Auburn39.8123-85.1905
Cambridge City;39.8124;-85.1703;;Cambridge City39.8124-85.1703
Dublin;39.8127;-85.2055;;Dublin39.8127-85.2055
East Germantown;39.8133;-85.1369;;East Germantown39.8133-85.1369
Clermont;39.8167;-86.3207;;Clermont39.8167-86.3207
Bloomingdale;39.8306;-87.2502;;Bloomingdale39.8306-87.2502
Richmond;39.8318;-84.8905;;Richmond39.8318-84.8905
Centerville;39.8321;-84.9922;;Centerville39.8321-84.9922
Wynnedale;39.8326;-86.2004;;Wynnedale39.8326-86.2004
Brownsburg;39.833;-86.3824;;Brownsburg39.833-86.3824
Spring Hill;39.8346;-86.1926;;Spring Hill39.8346-86.1926
Spiceland;39.8433;-85.4261;;Spiceland39.8433-85.4261
Spring Grove;39.8472;-84.8912;;Spring Grove39.8472-84.8912
Marshall;39.8475;-87.1868;;Marshall39.8475-87.1868
Rocky Ripple;39.8484;-86.1731;;Rocky Ripple39.8484-86.1731
Roachdale;39.8491;-86.8004;;Roachdale39.8491-86.8004
Crows Nest;39.8565;-86.1691;;Crows Nest39.8565-86.1691
New Paris;39.8565;-84.7922;;New Paris39.8565-84.7922
Russellville;39.8569;-86.9834;;Russellville39.8569-86.9834
North Salem;39.8598;-86.6444;;North Salem39.8598-86.6444
North Crows Nest;39.8661;-86.1623;;North Crows Nest39.8661-86.1623
Lawrence;39.8674;-85.9905;;Lawrence39.8674-85.9905
Pittsboro;39.8705;-86.4654;;Pittsboro39.8705-86.4654
Waveland;39.8774;-87.0454;;Waveland39.8774-87.0454
Greensboro;39.8787;-85.4638;;Greensboro39.8787-85.4638
Lizton;39.8837;-86.5416;;Lizton39.8837-86.5416
Newport;39.8841;-87.4072;;Newport39.8841-87.4072
Wilkinson;39.8857;-85.6084;;Wilkinson39.8857-85.6084
Longview;39.8859;-88.0662;;Longview39.8859-88.0662
Meridian Hills;39.8874;-86.1567;;Meridian Hills39.8874-86.1567
Shirley;39.8911;-85.5801;;Shirley39.8911-85.5801
Greens Fork;39.8918;-85.041;;Greens Fork39.8918-85.041
Ridge Farm;39.8957;-87.652;;Ridge Farm39.8957-87.652
McCordsville;39.8967;-85.9209;;McCordsville39.8967-85.9209
Williams Creek;39.9001;-86.1502;;Williams Creek39.9001-86.1502
Kennard;39.9054;-85.5222;;Kennard39.9054-85.5222
Broadlands;39.9087;-87.9971;;Broadlands39.9087-87.9971
Sidell;39.9097;-87.8236;;Sidell39.9097-87.8236
Hagerstown;39.9115;-85.1554;;Hagerstown39.9115-85.1554
Allerton;39.9161;-87.9353;;Allerton39.9161-87.9353
Ladoga;39.9167;-86.7989;;Ladoga39.9167-86.7989
New Castle;39.919;-85.3697;;New Castle39.919-85.3697
Fortville;39.9247;-85.8465;;Fortville39.9247-85.8465
Indianola;39.927;-87.7403;;Indianola39.927-87.7403
Jamestown;39.9286;-86.626;;Jamestown39.9286-86.626
Olivet;39.9414;-87.6379;;Olivet39.9414-87.6379
Whitewater;39.9449;-84.8309;;Whitewater39.9449-84.8309
Cayuga;39.9473;-87.4647;;Cayuga39.9473-87.4647
Cadiz;39.9509;-85.4869;;Cadiz39.9509-85.4869
New Market;39.9527;-86.9215;;New Market39.9527-86.9215
Fountain City;39.9548;-84.9193;;Fountain City39.9548-84.9193
Fishers;39.9589;-85.9661;;Fishers39.9589-85.9661
Lake Holiday;39.9642;-86.9607;;Lake Holiday39.9642-86.9607
New Ross;39.9646;-86.7142;;New Ross39.9646-86.7142
Carmel;39.965;-86.146;;Carmel39.965-86.146
Kingman;39.9664;-87.278;;Kingman39.9664-87.278
Whitestown;39.9705;-86.3612;;Whitestown39.9705-86.3612
Ingalls;39.9746;-85.8148;;Ingalls39.9746-85.8148
Markleville;39.9763;-85.6166;;Markleville39.9763-85.6166
Georgetown;39.9774;-87.6354;;Georgetown39.9774-87.6354
Economy;39.9774;-85.0871;;Economy39.9774-85.0871
Alamo;39.9834;-87.0552;;Alamo39.9834-87.0552
Wallace;39.987;-87.1473;;Wallace39.987-87.1473
Zionsville;39.9897;-86.3182;;Zionsville39.9897-86.3182
Advance;39.9956;-86.6199;;Advance39.9956-86.6199
Mooreland;39.9974;-85.2513;;Mooreland39.9974-85.2513
Hollansburg;39.9986;-84.7927;;Hollansburg39.9986-84.7927
Sulphur Springs;39.9989;-85.4391;;Sulphur Springs39.9989-85.4391
Mount Summit;40.0035;-85.386;;Mount Summit40.0035-85.386
Pendleton;40.0067;-85.7712;;Pendleton40.0067-85.7712
Losantville;40.0236;-85.1835;;Losantville40.0236-85.1835
Sidney;40.025;-88.0721;;Sidney40.025-88.0721
Lebanon;40.0324;-86.4551;;Lebanon40.0324-86.4551
Westfield;40.0333;-86.1532;;Westfield40.0333-86.1532
Lapel;40.0334;-85.8407;;Lapel40.0334-85.8407
Homer;40.0335;-87.9578;;Homer40.0335-87.9578
Noblesville;40.0354;-86.0042;;Noblesville40.0354-86.0042
Crawfordsville;40.0428;-86.8975;;Crawfordsville40.0428-86.8975
Westville;40.0439;-87.6389;;Westville40.0439-87.6389
Fairmount;40.0456;-87.8293;;Fairmount40.0456-87.8293
Modoc;40.0456;-85.1262;;Modoc40.0456-85.1262
Springport;40.047;-85.3926;;Springport40.047-85.3926
Lynn;40.0488;-84.9424;;Lynn40.0488-84.9424
Perrysville;40.0532;-87.436;;Perrysville40.0532-87.436
Middletown;40.0596;-85.5422;;Middletown40.0596-85.5422
Blountsville;40.06;-85.2383;;Blountsville40.06-85.2383
Belgium;40.0607;-87.6328;;Belgium40.0607-87.6328
Ulen;40.0662;-86.4651;;Ulen40.0662-86.4651
Catlin;40.0675;-87.7079;;Catlin40.0675-87.7079
Waynetown;40.088;-87.0655;;Waynetown40.088-87.0655
Anderson;40.0891;-85.6893;;Anderson40.0891-85.6893
Tilton;40.0941;-87.6398;;Tilton40.0941-87.6398
Edgewood;40.1032;-85.7375;;Edgewood40.1032-85.7375
Darlington;40.1073;-86.7767;;Darlington40.1073-86.7767
Hillsboro;40.1089;-87.1576;;Hillsboro40.1089-87.1576
Oakwood;40.1101;-87.7769;;Oakwood40.1101-87.7769
River Forest;40.1107;-85.7294;;River Forest40.1107-85.7294
Chesterfield;40.113;-85.5943;;Chesterfield40.113-85.5943
Veedersburg;40.114;-87.2568;;Veedersburg40.114-87.2568
St. Joseph;40.1141;-88.0354;;St. Joseph40.1141-88.0354
Fithian;40.1143;-87.875;;Fithian40.1143-87.875
Ogden;40.115;-87.9563;;Ogden40.115-87.9563
Muncie;40.1161;-87.8428;;Muncie40.1161-87.8428
Woodlawn Heights;40.1184;-85.6969;;Woodlawn Heights40.1184-85.6969
Daleville;40.1189;-85.5573;;Daleville40.1189-85.5573
Country Club Heights;40.1242;-85.6877;;Country Club Heights40.1242-85.6877
Cicero;40.1247;-86.0242;;Cicero40.1247-86.0242
Thorntown;40.1292;-86.6099;;Thorntown40.1292-86.6099
Sheridan;40.132;-86.2197;;Sheridan40.132-86.2197
Covington;40.1406;-87.3913;;Covington40.1406-87.3913
Danville;40.1423;-87.6114;;Danville40.1423-87.6114
Mellott;40.1641;-87.1488;;Mellott40.1641-87.1488
Winchester;40.172;-84.9766;;Winchester40.172-84.9766
Wingate;40.1723;-87.0726;;Wingate40.1723-87.0726
Arcadia;40.1742;-86.021;;Arcadia40.1742-86.021
Yorktown;40.183;-85.5123;;Yorktown40.183-85.5123
Linden;40.1889;-86.9023;;Linden40.1889-86.9023
Selma;40.189;-85.2753;;Selma40.189-85.2753
Farmland;40.1895;-85.1273;;Farmland40.1895-85.1273
Parker City;40.1898;-85.2037;;Parker City40.1898-85.2037
Kirklin;40.1929;-86.3593;;Kirklin40.1929-86.3593
Royal;40.1932;-87.9725;;Royal40.1932-87.9725
Colfax;40.1941;-86.6668;;Colfax40.1941-86.6668
New Richmond;40.1942;-86.9779;;New Richmond40.1942-86.9779
State Line City;40.1974;-87.527;;State Line City40.1974-87.527
Muncie;40.1989;-85.395;;Muncie40.1989-85.395
Union City;40.1995;-84.8206;;Union City40.1995-84.8206
Union City;40.1996;-84.7943;;Union City40.1996-84.7943
Newtown;40.2045;-87.1483;;Newtown40.2045-87.1483
Atlanta;40.2139;-86.0271;;Atlanta40.2139-86.0271
Frankton;40.2211;-85.7719;;Frankton40.2211-85.7719
Saratoga;40.2368;-84.9159;;Saratoga40.2368-84.9159
Clarks Hill;40.2472;-86.7245;;Clarks Hill40.2472-86.7245
Alexandria;40.2584;-85.676;;Alexandria40.2584-85.676
Bismarck;40.2594;-87.6113;;Bismarck40.2594-87.6113
Orestes;40.271;-85.7247;;Orestes40.271-85.7247
West Lebanon;40.2724;-87.3862;;West Lebanon40.2724-87.3862
Elwood;40.2744;-85.837;;Elwood40.2744-85.837
Frankfort;40.281;-86.5213;;Frankfort40.281-86.5213
Tipton;40.282;-86.0422;;Tipton40.282-86.0422
Stockwell;40.2822;-86.7687;;Stockwell40.2822-86.7687
Attica;40.2874;-87.2452;;Attica40.2874-87.2452
Kempton;40.2881;-86.2294;;Kempton40.2881-86.2294
Williamsport;40.2884;-87.2922;;Williamsport40.2884-87.2922
Ridgeville;40.2921;-85.0285;;Ridgeville40.2921-85.0285
Penfield;40.3047;-87.9444;;Penfield40.3047-87.9444
Albany;40.3056;-85.2331;;Albany40.3056-85.2331
Potomac;40.3068;-87.7977;;Potomac40.3068-87.7977
Henning;40.3069;-87.701;;Henning40.3069-87.701
Alvan;40.307;-87.6069;;Alvan40.307-87.6069
Gifford;40.3079;-88.0214;;Gifford40.3079-88.0214
Gaston;40.314;-85.501;;Gaston40.314-85.501
Eaton;40.3218;-85.3591;;Eaton40.3218-85.3591
Michigantown;40.3281;-86.3916;;Michigantown40.3281-86.3916
Summitville;40.3359;-85.6437;;Summitville40.3359-85.6437
West Point;40.3412;-87.0432;;West Point40.3412-87.0432
Mulberry;40.3458;-86.6672;;Mulberry40.3458-86.6672
Redkey;40.3483;-85.1539;;Redkey40.3483-85.1539
Shadeland;40.3509;-86.9622;;Shadeland40.3509-86.9622
Windfall City;40.3619;-85.9584;;Windfall City40.3619-85.9584
Dunkirk;40.3741;-85.2076;;Dunkirk40.3741-85.2076
Dayton;40.3752;-86.7739;;Dayton40.3752-86.7739
Sharpsville;40.3797;-86.0869;;Sharpsville40.3797-86.0869
Rossville;40.3815;-87.67;;Rossville40.3815-87.67
Salamonia;40.386;-84.8652;;Salamonia40.386-84.8652
Matthews;40.3875;-85.4977;;Matthews40.3875-85.4977
Lafayette;40.399;-86.8594;;Lafayette40.399-86.8594
Fowlerton;40.4095;-85.5728;;Fowlerton40.4095-85.5728
Shamrock Lakes;40.4117;-85.4261;;Shamrock Lakes40.4117-85.4261
Fairmount;40.4173;-85.6477;;Fairmount40.4173-85.6477
Russiaville;40.4185;-86.2731;;Russiaville40.4185-86.2731
Rossville;40.4196;-86.5958;;Rossville40.4196-86.5958
Point Isabel;40.4206;-85.8219;;Point Isabel40.4206-85.8219
Portland;40.4375;-84.9833;;Portland40.4375-84.9833
West Lafayette;40.4432;-86.9239;;West Lafayette40.4432-86.9239
Pine Village;40.4495;-87.2534;;Pine Village40.4495-87.2534
Hartford City;40.4537;-85.3736;;Hartford City40.4537-85.3736
Hoopeston;40.4608;-87.6635;;Hoopeston40.4608-87.6635
Upland;40.4639;-85.5008;;Upland40.4639-85.5008
Kokomo;40.464;-86.1277;;Kokomo40.464-86.1277
Rankin;40.4644;-87.8959;;Rankin40.4644-87.8959
Montmorenci;40.4705;-87.0354;;Montmorenci40.4705-87.0354
Greentown;40.4766;-85.9623;;Greentown40.4766-85.9623
Jonesboro;40.4796;-85.6302;;Jonesboro40.4796-85.6302
Burlington;40.4822;-86.3947;;Burlington40.4822-86.3947
Buck Creek;40.4874;-86.7622;;Buck Creek40.4874-86.7622
Otterbein;40.4882;-87.0854;;Otterbein40.4882-87.0854
Gas City;40.4889;-85.5946;;Gas City40.4889-85.5946
Ambia;40.4894;-87.5165;;Ambia40.4894-87.5165
Pennville;40.492;-85.147;;Pennville40.492-85.147
Sims;40.5006;-85.854;;Sims40.5006-85.854
Swayzee;40.5066;-85.8244;;Swayzee40.5066-85.8244
Battle Ground;40.5076;-86.8527;;Battle Ground40.5076-86.8527
Herbst;40.5145;-85.7815;;Herbst40.5145-85.7815
Loda;40.516;-88.0756;;Loda40.516-88.0756
Boswell;40.5173;-87.3756;;Boswell40.5173-87.3756
Colburn;40.5188;-86.7125;;Colburn40.5188-86.7125
Oxford;40.5214;-87.2482;;Oxford40.5214-87.2482
Americus;40.5254;-86.7476;;Americus40.5254-86.7476
Bryant;40.5359;-84.9634;;Bryant40.5359-84.9634
Wellington;40.5411;-87.6799;;Wellington40.5411-87.6799
Flora;40.5455;-86.5226;;Flora40.5455-86.5226
Montpelier;40.5494;-85.2874;;Montpelier40.5494-85.2874
Marion;40.5496;-85.66;;Marion40.5496-85.66
Cissna Park;40.567;-87.8922;;Cissna Park40.567-87.8922
Sweetser;40.5687;-85.7669;;Sweetser40.5687-85.7669
Mier;40.5748;-85.8234;;Mier40.5748-85.8234
Galveston;40.5767;-86.1924;;Galveston40.5767-86.1924
Converse;40.5773;-85.878;;Converse40.5773-85.878
Delphi;40.5834;-86.6668;;Delphi40.5834-86.6668
Buckley;40.597;-88.0375;;Buckley40.597-88.0375
Geneva;40.5975;-84.9568;;Geneva40.5975-84.9568
Brookston;40.6008;-86.8665;;Brookston40.6008-86.8665
Amboy;40.6017;-85.9271;;Amboy40.6017-85.9271
Camden;40.6099;-86.5397;;Camden40.6099-86.5397
Landess;40.6126;-85.5592;;Landess40.6126-85.5592
Van Buren;40.6157;-85.5039;;Van Buren40.6157-85.5039
Fowler;40.617;-87.3184;;Fowler40.617-87.3184
Jalapa;40.6263;-85.7464;;Jalapa40.6263-85.7464
Milford;40.6276;-87.6963;;Milford40.6276-87.6963
Poneto;40.6568;-85.2225;;Poneto40.6568-85.2225
Berne;40.6572;-84.9555;;Berne40.6572-84.9555
Grissom AFB;40.6585;-86.148;;Grissom AFB40.6585-86.148
Bunker Hill;40.6602;-86.1015;;Bunker Hill40.6602-86.1015
Walton;40.6622;-86.2441;;Walton40.6622-86.2441
Chalmers;40.6625;-86.8678;;Chalmers40.6625-86.8678
Yeoman;40.6677;-86.7238;;Yeoman40.6677-86.7238
Somerset;40.6695;-85.8321;;Somerset40.6695-85.8321
La Fontaine;40.6739;-85.7221;;La Fontaine40.6739-85.7221
Earl Park;40.6856;-87.42;;Earl Park40.6856-87.42
Warren;40.6878;-85.425;;Warren40.6878-85.425
Onward;40.6947;-86.1948;;Onward40.6947-86.1948
Vera Cruz;40.7016;-85.0795;;Vera Cruz40.7016-85.0795
Woodland;40.715;-87.731;;Woodland40.715-87.731
Onarga;40.7153;-88.0108;;Onarga40.7153-88.0108
Mount Etna;40.741;-85.5618;;Mount Etna40.741-85.5618
Bluffton;40.7424;-85.173;;Bluffton40.7424-85.173
Monroe;40.7451;-84.941;;Monroe40.7451-84.941
Monticello;40.7455;-86.7669;;Monticello40.7455-86.7669
Willshire;40.7465;-84.7924;;Willshire40.7465-84.7924
Logansport;40.7472;-86.3519;;Logansport40.7472-86.3519
Reynolds;40.7492;-86.8743;;Reynolds40.7492-86.8743
Idaville;40.7588;-86.6505;;Idaville40.7588-86.6505
Wolcott;40.7591;-87.042;;Wolcott40.7591-87.042
Peru;40.7594;-86.0757;;Peru40.7594-86.0757
Burnettsville;40.7612;-86.5947;;Burnettsville40.7612-86.5947
Gilman;40.7627;-87.9973;;Gilman40.7627-87.9973
Goodland;40.7637;-87.2952;;Goodland40.7637-87.2952
Remington;40.765;-87.1556;;Remington40.765-87.1556
Sheldon;40.771;-87.5657;;Sheldon40.771-87.5657
Crescent City;40.7717;-87.8564;;Crescent City40.7717-87.8564
Kentland;40.774;-87.4465;;Kentland40.774-87.4465
Watseka;40.7751;-87.7304;;Watseka40.7751-87.7304
Norway;40.7797;-86.7719;;Norway40.7797-86.7719
Wabash;40.8034;-85.8301;;Wabash40.8034-85.8301
Mexico;40.8143;-86.1113;;Mexico40.8143-86.1113
Danforth;40.822;-87.9778;;Danforth40.822-87.9778
Markle;40.8274;-85.3393;;Markle40.8274-85.3393
Decatur;40.8286;-84.9282;;Decatur40.8286-84.9282
Iroquois;40.8288;-87.5844;;Iroquois40.8288-87.5844
Uniondale;40.8299;-85.2415;;Uniondale40.8299-85.2415
Lagro;40.8392;-85.7276;;Lagro40.8392-85.7276
Andrews;40.8604;-85.6023;;Andrews40.8604-85.6023
Monon;40.8642;-86.8786;;Monon40.8642-86.8786
Royal Center;40.8643;-86.5001;;Royal Center40.8643-86.5001
Denver;40.8647;-86.0772;;Denver40.8647-86.0772
Brook;40.8664;-87.3653;;Brook40.8664-87.3653
Ossian;40.877;-85.1682;;Ossian40.877-85.1682
Ashkum;40.8783;-87.9533;;Ashkum40.8783-87.9533
Huntington;40.8815;-85.5053;;Huntington40.8815-85.5053
Donovan;40.8848;-87.6139;;Donovan40.8848-87.6139
Buffalo;40.888;-86.7374;;Buffalo40.888-86.7374
Collegeville;40.9058;-87.1612;;Collegeville40.9058-87.1612
Roann;40.9111;-85.9245;;Roann40.9111-85.9245
Martinton;40.9154;-87.7264;;Martinton40.9154-87.7264
Zanesville;40.9155;-85.2807;;Zanesville40.9155-85.2807
Clifton;40.9348;-87.9343;;Clifton40.9348-87.9343
Rensselaer;40.9375;-87.1684;;Rensselaer40.9375-87.1684
Morocco;40.9445;-87.4503;;Morocco40.9445-87.4503
Fulton;40.9467;-86.2641;;Fulton40.9467-86.2641
Hoagland;40.952;-84.9955;;Hoagland40.952-84.9955
Mount Ayr;40.9523;-87.299;;Mount Ayr40.9523-87.299
Beaverville;40.9534;-87.6546;;Beaverville40.9534-87.6546
Macy;40.9582;-86.1288;;Macy40.9582-86.1288
Roanoke;40.9639;-85.3761;;Roanoke40.9639-85.3761
Papineau;40.9677;-87.7162;;Papineau40.9677-87.7162
Monroeville;40.9732;-84.8673;;Monroeville40.9732-84.8673
Star City;40.9746;-86.5613;;Star City40.9746-86.5613
Laketon;40.9807;-85.8393;;Laketon40.9807-85.8393
Francesville;40.9853;-86.8834;;Francesville40.9853-86.8834
North Manchester;41.0044;-85.775;;North Manchester41.0044-85.775
Chebanse;41.0058;-87.9098;;Chebanse41.0058-87.9098
Kewanna;41.0194;-86.4125;;Kewanna41.0194-86.4125
St. Anne;41.023;-87.7179;;St. Anne41.023-87.7179
Sammons Point;41.0313;-87.8592;;Sammons Point41.0313-87.8592
Akron;41.0388;-86.0249;;Akron41.0388-86.0249
Irwin;41.0523;-87.9838;;Irwin41.0523-87.9838
Winamac;41.0535;-86.6037;;Winamac41.0535-86.6037
Rochester;41.059;-86.196;;Rochester41.059-86.196
New Haven;41.0675;-85.0175;;New Haven41.0675-85.0175
Hopkins Park;41.069;-87.6064;;Hopkins Park41.069-87.6064
Silver Lake;41.0744;-85.8922;;Silver Lake41.0744-85.8922
Aroma Park;41.0788;-87.8011;;Aroma Park41.0788-87.8011
Medaryville;41.0803;-86.8905;;Medaryville41.0803-86.8905
South Whitley;41.0838;-85.6278;;South Whitley41.0838-85.6278
Fort Wayne;41.0886;-85.1437;;Fort Wayne41.0886-85.1437
Kankakee;41.1019;-87.8643;;Kankakee41.1019-87.8643
Sidney;41.1049;-85.7425;;Sidney41.1049-85.7425
Sun River Terrace;41.1254;-87.7336;;Sun River Terrace41.1254-87.7336
Woodburn;41.1287;-84.8501;;Woodburn41.1287-84.8501
Claypool;41.1306;-85.8826;;Claypool41.1306-85.8826
Lake Village;41.1308;-87.439;;Lake Village41.1308-87.439
Limestone;41.1337;-87.9599;;Limestone41.1337-87.9599
Bonfield;41.145;-88.054;;Bonfield41.145-88.054
Roselawn;41.1535;-87.2881;;Roselawn41.1535-87.2881
Burket;41.155;-85.9687;;Burket41.155-85.9687
Monterey;41.1561;-86.4822;;Monterey41.1561-86.4822
Columbia City;41.1612;-85.4855;;Columbia City41.1612-85.4855
Momence;41.164;-87.663;;Momence41.164-87.663
Bradley;41.1641;-87.8452;;Bradley41.1641-87.8452
Mentone;41.174;-86.0382;;Mentone41.174-86.0382
Larwill;41.1792;-85.6243;;Larwill41.1792-85.6243
Bourbonnais;41.183;-87.878;;Bourbonnais41.183-87.878
Wheatfield;41.1911;-87.0528;;Wheatfield41.1911-87.0528
Schneider;41.1925;-87.4457;;Schneider41.1925-87.4457
Shelby;41.1934;-87.3426;;Shelby41.1934-87.3426
Harlan;41.1966;-84.9245;;Harlan41.1966-84.9245
De Motte;41.1988;-87.1973;;De Motte41.1988-87.1973
San Pierre;41.1989;-86.8921;;San Pierre41.1989-86.8921
Pierceton;41.1992;-85.7032;;Pierceton41.1992-85.7032
Grabill;41.2098;-84.9681;;Grabill41.2098-84.9681
Huntertown;41.2155;-85.1715;;Huntertown41.2155-85.1715
Culver;41.2159;-86.4236;;Culver41.2159-86.4236
North Judson;41.2161;-86.7769;;North Judson41.2161-86.7769
Winona Lake;41.2166;-85.8106;;Winona Lake41.2166-85.8106
Leo-Cedarville;41.2199;-85.0192;;Leo-Cedarville41.2199-85.0192
Bass Lake;41.2304;-86.5845;;Bass Lake41.2304-86.5845
Churubusco;41.231;-85.3197;;Churubusco41.231-85.3197
Argos;41.2379;-86.2523;;Argos41.2379-86.2523
Grant Park;41.2429;-87.6353;;Grant Park41.2429-87.6353
Warsaw;41.2448;-85.8464;;Warsaw41.2448-85.8464
Manteno;41.2471;-87.8457;;Manteno41.2471-87.8457
Tri-Lakes;41.2507;-85.4433;;Tri-Lakes41.2507-85.4433
Etna Green;41.2755;-86.0461;;Etna Green41.2755-86.0461
Knox;41.291;-86.621;;Knox41.291-86.621
Lowell;41.2921;-87.4184;;Lowell41.2921-87.4184
Bourbon;41.2993;-86.1167;;Bourbon41.2993-86.1167
St. Joe;41.3147;-84.9012;;St. Joe41.3147-84.9012
Kouts;41.3172;-87.0269;;Kouts41.3172-87.0269
La Crosse;41.3179;-86.8896;;La Crosse41.3179-86.8896
North Webster;41.324;-85.6979;;North Webster41.324-85.6979
Hebron;41.3246;-87.2017;;Hebron41.3246-87.2017
Symerton;41.3255;-88.0532;;Symerton41.3255-88.0532
Leesburg;41.3307;-85.8489;;Leesburg41.3307-85.8489
Peotone;41.3312;-87.7937;;Peotone41.3312-87.7937
Lake Dalecarlia;41.337;-87.4036;;Lake Dalecarlia41.337-87.4036
Plymouth;41.3483;-86.3187;;Plymouth41.3483-86.3187
Beecher;41.3501;-87.6174;;Beecher41.3501-87.6174
Altona;41.3522;-85.1526;;Altona41.3522-85.1526
Garrett;41.3526;-85.1238;;Garrett41.3526-85.1238
Avilla;41.3637;-85.2317;;Avilla41.3637-85.2317
Auburn;41.3666;-85.0559;;Auburn41.3666-85.0559
Cedar Lake;41.3697;-87.4383;;Cedar Lake41.3697-87.4383
Hamlet;41.3792;-86.5831;;Hamlet41.3792-86.5831
Kimmell;41.395;-85.5487;;Kimmell41.395-85.5487
Albion;41.3966;-85.4187;;Albion41.3966-85.4187
Cromwell;41.4034;-85.6142;;Cromwell41.4034-85.6142
Lakes of the Four Seasons;41.4074;-87.2203;;Lakes of the Four Seasons41.4074-87.2203
Winfield;41.4098;-87.2623;;Winfield41.4098-87.2623
Hanna;41.4119;-86.7795;;Hanna41.4119-86.7795
Crown Point;41.4141;-87.3457;;Crown Point41.4141-87.3457
Milford;41.4142;-85.8446;;Milford41.4142-85.8446
Koontz Lake;41.4169;-86.4827;;Koontz Lake41.4169-86.4827
Monee;41.4181;-87.7499;;Monee41.4181-87.7499
Syracuse;41.4226;-85.7492;;Syracuse41.4226-85.7492
Manhattan;41.4274;-87.9805;;Manhattan41.4274-87.9805
Butler;41.4274;-84.8721;;Butler41.4274-84.8721
Wanatah;41.4304;-86.8926;;Wanatah41.4304-86.8926
Waterloo;41.4328;-85.0347;;Waterloo41.4328-85.0347
Corunna;41.4359;-85.144;;Corunna41.4359-85.144
Crete;41.44;-87.6236;;Crete41.44-87.6236
Aberdeen;41.4418;-87.1166;;Aberdeen41.4418-87.1166
St. John;41.4431;-87.47;;St. John41.4431-87.47
Kendallville;41.4441;-85.2578;;Kendallville41.4441-85.2578
Nappanee;41.4452;-85.9941;;Nappanee41.4452-85.9941
University Park;41.4461;-87.7154;;University Park41.4461-87.7154
Bremen;41.4484;-86.1506;;Bremen41.4484-86.1506
La Paz;41.456;-86.3083;;La Paz41.456-86.3083
Shorewood Forest;41.4598;-87.1497;;Shorewood Forest41.4598-87.1497
Ligonier;41.4625;-85.5948;;Ligonier41.4625-85.5948
Walkerton;41.4656;-86.4825;;Walkerton41.4656-86.4825
Steger;41.4723;-87.6176;;Steger41.4723-87.6176
Merrillville;41.4728;-87.3197;;Merrillville41.4728-87.3197
Valparaiso;41.4782;-87.0507;;Valparaiso41.4782-87.0507
Kingsford Heights;41.4784;-86.693;;Kingsford Heights41.4784-86.693
Richton Park;41.4816;-87.7387;;Richton Park41.4816-87.7387
Park Forest;41.4817;-87.6868;;Park Forest41.4817-87.6868
South Chicago Heights;41.4831;-87.637;;South Chicago Heights41.4831-87.637
Schererville;41.486;-87.444;;Schererville41.486-87.444
Frankfort;41.4887;-87.8361;;Frankfort41.4887-87.8361
Rome City;41.4892;-85.361;;Rome City41.4892-85.361
Sauk Village;41.4905;-87.5706;;Sauk Village41.4905-87.5706
Preston Heights;41.4944;-88.0757;;Preston Heights41.4944-88.0757
Dyer;41.4976;-87.509;;Dyer41.4976-87.509
New Paris;41.5005;-85.8248;;New Paris41.5005-85.8248
Matteson;41.5095;-87.7468;;Matteson41.5095-87.7468
New Lenox;41.5097;-87.97;;New Lenox41.5097-87.97
Chicago Heights;41.5101;-87.6345;;Chicago Heights41.5101-87.6345
Wheeler;41.5105;-87.1712;;Wheeler41.5105-87.1712
Ford Heights;41.5109;-87.5814;;Ford Heights41.5109-87.5814
Salt Creek Commons;41.5112;-87.1412;;Salt Creek Commons41.5112-87.1412
Hobart;41.5139;-87.2729;;Hobart41.5139-87.2729
Olympia Fields;41.517;-87.6924;;Olympia Fields41.517-87.6924
Ingalls Park;41.5203;-88.0346;;Ingalls Park41.5203-88.0346
Ashley;41.5214;-85.0614;;Ashley41.5214-85.0614
Frankfort Square;41.5221;-87.8033;;Frankfort Square41.5221-87.8033
Lynwood;41.5234;-87.5508;;Lynwood41.5234-87.5508
Wolcottville;41.5255;-85.3665;;Wolcottville41.5255-85.3665
Millersburg;41.5277;-85.6964;;Millersburg41.5277-85.6964
Griffith;41.5279;-87.424;;Griffith41.5279-87.424
Lakeville;41.5288;-86.2745;;Lakeville41.5288-86.2745
Kingsbury;41.5302;-86.6972;;Kingsbury41.5302-86.6972
Hudson;41.5318;-85.084;;Hudson41.5318-85.084
North Liberty;41.5324;-86.428;;North Liberty41.5324-86.428
Mokena;41.5327;-87.8779;;Mokena41.5327-87.8779
Wakarusa;41.5336;-86.0139;;Wakarusa41.5336-86.0139
Westville;41.5375;-86.9049;;Westville41.5375-86.9049
Flossmoor;41.5391;-87.6857;;Flossmoor41.5391-87.6857
Topeka;41.5394;-85.5475;;Topeka41.5394-85.5475
Glenwood;41.5409;-87.6116;;Glenwood41.5409-87.6116
Hamilton;41.541;-84.9204;;Hamilton41.541-84.9204
South Haven;41.5438;-87.1367;;South Haven41.5438-87.1367
Munster;41.5469;-87.504;;Munster41.5469-87.504
Highland;41.5485;-87.4587;;Highland41.5485-87.4587
New Chicago;41.5587;-87.2718;;New Chicago41.5587-87.2718
Homewood;41.5591;-87.661;;Homewood41.5591-87.661
Fairmont;41.5614;-88.0587;;Fairmont41.5614-88.0587
Fish Lake;41.5616;-86.5513;;Fish Lake41.5616-86.5513
Country Club Hills;41.5637;-87.725;;Country Club Hills41.5637-87.725
Lansing;41.5648;-87.5462;;Lansing41.5648-87.5462
Tinley Park;41.567;-87.805;;Tinley Park41.567-87.805
Thornton;41.5711;-87.6187;;Thornton41.5711-87.6187
Lake Station;41.5729;-87.2599;;Lake Station41.5729-87.2599
Hazel Crest;41.5732;-87.6899;;Hazel Crest41.5732-87.6899
Goshen;41.5743;-85.8308;;Goshen41.5743-85.8308
East Hazel Crest;41.5758;-87.6503;;East Hazel Crest41.5758-87.6503
Portage;41.5866;-87.1792;;Portage41.5866-87.1792
Lockport;41.5904;-88.0292;;Lockport41.5904-88.0292
Orland Hills;41.5905;-87.8413;;Orland Hills41.5905-87.8413
Gary;41.5906;-87.3472;;Gary41.5906-87.3472
South Holland;41.5977;-87.6022;;South Holland41.5977-87.6022
Chesterton;41.5997;-87.0548;;Chesterton41.5997-87.0548
Markham;41.6;-87.6905;;Markham41.6-87.6905
Homer Glen;41.6044;-87.9497;;Homer Glen41.6044-87.9497
Oak Forest;41.6054;-87.7527;;Oak Forest41.6054-87.7527
Orland Park;41.6074;-87.8619;;Orland Park41.6074-87.8619
Harvey;41.6076;-87.6521;;Harvey41.6076-87.6521
La Porte;41.6077;-86.7136;;La Porte41.6077-86.7136
Phoenix;41.6118;-87.6308;;Phoenix41.6118-87.6308
Calumet City;41.6134;-87.5505;;Calumet City41.6134-87.5505
Hammond;41.6169;-87.491;;Hammond41.6169-87.491
Burns Harbor;41.6189;-87.1258;;Burns Harbor41.6189-87.1258
Ogden Dunes;41.6229;-87.1932;;Ogden Dunes41.6229-87.1932
Midlothian;41.6254;-87.7243;;Midlothian41.6254-87.7243
Porter;41.6257;-87.0801;;Porter41.6257-87.0801
Dolton;41.6284;-87.5979;;Dolton41.6284-87.5979
Posen;41.6291;-87.6858;;Posen41.6291-87.6858
Dixmoor;41.633;-87.6672;;Dixmoor41.633-87.6672
Dunlap;41.6346;-85.9235;;Dunlap41.6346-85.9235
Burnham;41.6376;-87.5447;;Burnham41.6376-87.5447
Robbins;41.6431;-87.708;;Robbins41.6431-87.708
Angola;41.6433;-85.0051;;Angola41.6433-85.0051
Riverdale;41.6441;-87.6365;;Riverdale41.6441-87.6365
Dune Acres;41.6448;-87.096;;Dune Acres41.6448-87.096
Crestwood;41.6454;-87.7396;;Crestwood41.6454-87.7396
Lagrange;41.6481;-85.4181;;Lagrange41.6481-85.4181
East Chicago;41.6484;-87.4536;;East Chicago41.6484-87.4536
Blue Island;41.6578;-87.6812;;Blue Island41.6578-87.6812
Palos Heights;41.6637;-87.7959;;Palos Heights41.6637-87.7959
Osceola;41.6647;-86.0787;;Osceola41.6647-86.0787
Calumet Park;41.665;-87.6578;;Calumet Park41.665-87.6578
Palos Park;41.6682;-87.8885;;Palos Park41.6682-87.8885
Lemont;41.6695;-87.9836;;Lemont41.6695-87.9836
Middlebury;41.6696;-85.7075;;Middlebury41.6696-85.7075
Alsip;41.6701;-87.7368;;Alsip41.6701-87.7368
Whiting;41.6731;-87.4843;;Whiting41.6731-87.4843
Mishawaka;41.6736;-86.1669;;Mishawaka41.6736-86.1669
Rolling Prairie;41.6743;-86.6207;;Rolling Prairie41.6743-86.6207
Shipshewana;41.6743;-85.5765;;Shipshewana41.6743-85.5765
South Bend;41.6767;-86.2696;;South Bend41.6767-86.2696
Merrionette Park;41.6812;-87.7012;;Merrionette Park41.6812-87.7012
Beverly Shores;41.685;-86.9804;;Beverly Shores41.685-86.9804
Worth;41.6877;-87.7916;;Worth41.6877-87.7916
Town of Pines;41.6882;-86.9518;;Town of Pines41.6882-86.9518
Elkhart;41.6916;-85.9628;;Elkhart41.6916-85.9628
Trail Creek;41.6963;-86.8555;;Trail Creek41.6963-86.8555
Palos Hills;41.6986;-87.8266;;Palos Hills41.6986-87.8266
Notre Dame;41.7014;-86.2378;;Notre Dame41.7014-86.2378
New Carlisle;41.7018;-86.4916;;New Carlisle41.7018-86.4916
Chicago Ridge;41.7034;-87.7795;;Chicago Ridge41.7034-87.7795
Michigan City;41.7099;-86.8705;;Michigan City41.7099-86.8705
Oak Lawn;41.7139;-87.7528;;Oak Lawn41.7139-87.7528
Indian Village;41.7142;-86.2322;;Indian Village41.7142-86.2322
Hudson Lake;41.7173;-86.5476;;Hudson Lake41.7173-86.5476
Roseland;41.7176;-86.2505;;Roseland41.7176-86.2505
Bristol;41.7183;-85.8227;;Bristol41.7183-85.8227
Evergreen Park;41.7213;-87.7013;;Evergreen Park41.7213-87.7013
Howe;41.7228;-85.4255;;Howe41.7228-85.4255
Pottawattamie Park;41.7233;-86.8671;;Pottawattamie Park41.7233-86.8671
Hickory Hills;41.7248;-87.8281;;Hickory Hills41.7248-87.8281
Fremont;41.728;-84.9396;;Fremont41.728-84.9396
Orland;41.7305;-85.1722;;Orland41.7305-85.1722
Hometown;41.7312;-87.7311;;Hometown41.7312-87.7311
Willow Springs;41.7332;-87.8859;;Willow Springs41.7332-87.8859
Woodridge;41.7368;-88.0408;;Woodridge41.7368-88.0408
Granger;41.7373;-86.135;;Granger41.7373-86.135
Clear Lake;41.7388;-84.8391;;Clear Lake41.7388-84.8391
Bridgeview;41.7403;-87.8067;;Bridgeview41.7403-87.8067
Long Beach;41.7435;-86.8521;;Long Beach41.7435-86.8521
Burbank;41.7444;-87.7686;;Burbank41.7444-87.7686
Darien;41.7447;-87.9823;;Darien41.7447-87.9823
Simonton Lake;41.7478;-85.9657;;Simonton Lake41.7478-85.9657
Burr Ridge;41.7485;-87.9198;;Burr Ridge41.7485-87.9198
Justice;41.7495;-87.8345;;Justice41.7495-87.8345
Michiana Shores;41.7565;-86.8183;;Michiana Shores41.7565-86.8183
